fecha,ciudad,temp_max,temp_min,lluvia_mm
2025-03-01,Medellín,29.4,16.6,8.6
2025-03-01,Bogotá,17.5,7.1,5.5
2025-03-01,Cali,30.1,20.6,0.0
2025-03-02,Medellín,25.6,18.4,13.8
2025-03-02,Bogotá,19.3,9.6,0.0
2025-03-02,Cali,27.7,20.8,9.9
2025-03-03,Medellín,28.0,18.4,0.0
2025-03-03,Bogotá,21.0,9.9,15.0
2025-03-03,Cali,32.4,17.2,0.0
2025-03-04,Medellín,27.8,16.1,0
2025-03-04,Bogotá,21.1,6.3,2.9
2025-03-04,Cali,30.2,19.2,0.0
2025-03-05,Medellín,27.2,17.0,4.6
2025-03-05,Bogotá,18.8,7.0,0.4
2025-03-05,Cali,29.4,17.4,6.6
2025-03-06,Medellín,25.4,15.9,0.0
2025-03-06,Bogotá,17.9,8.6,0
2025-03-06,Cali,28.0,18.4,2.9
2025-03-07,Medellín,25.2,18.8,0.0
2025-03-07,Bogotá,20.4,9.3,0.0
2025-03-07,Cali,29.1,19.0,1.1
2025-03-08,Medellín,24.5,16.5,0
2025-03-08,Bogotá,19.0,7.7,0.0
2025-03-08,Cali,31.2,19.4,0
2025-03-09,Medellín,25.7,16.5,0.0
2025-03-09,Bogotá,18.0,8.7,3.7
2025-03-09,Cali,30.3,18.2,0.0
2025-03-10,Medellín,28.2,17.9,12.5
2025-03-10,Bogotá,17.7,7.9,3.2
2025-03-10,Cali,30.5,19.0,0.0
2025-03-11,Medellín,25.1,15.5,0.0
2025-03-11,Bogotá,18.1,7.6,0.0
2025-03-11,Cali,28.3,19.5,0.2
2025-03-12,Medellín,27.4,15.4,8.1
2025-03-12,Bogotá,18.7,6.3,0.0
2025-03-12,Cali,31.1,20.3,2.1
2025-03-13,Medellín,28.2,16.6,18.2
2025-03-13,Bogotá,19.6,6.1,2.9
2025-03-13,Cali,31.0,19.9,5.0
2025-03-14,Medellín,26.5,18.5,0.0
2025-03-14,Bogotá,17.3,6.4,0.0
2025-03-14,Cali,29.5,19.5,0
2025-03-15,Medellín,27.2,18.9,0
2025-03-15,Bogotá,18.2,9.7,0.0
2025-03-15,Cali,30.6,17.8,2.0
2025-03-16,Medellín,26.7,17.3,5.9
2025-03-16,Bogotá,16.8,7.2,0.0
2025-03-16,Cali,30.5,18.3,6.0
2025-03-17,Medellín,27.6,17.1,0
2025-03-17,Bogotá,21.2,7.1,0.0
2025-03-17,Cali,32.3,19.0,0.0
2025-03-18,Medellín,26.3,16.6,0.0
2025-03-18,Bogotá,18.6,7.7,11.1
2025-03-18,Cali,32.0,20.4,0.0
2025-03-19,Medellín,27.3,16.5,0.0
2025-03-19,Bogotá,20.8,6.1,0.0
2025-03-19,Cali,29.9,20.3,5.3
2025-03-20,Medellín,25.4,15.1,14.9
2025-03-20,Bogotá,17.1,8.4,6.7
2025-03-20,Cali,32.5,19.5,0.0
2025-03-21,Medellín,26.1,18.6,9.0
2025-03-21,Bogotá,17.3,8.5,8.0
2025-03-21,Cali,28.0,20.3,4.3
2025-03-22,Medellín,27.3,16.9,0.0
2025-03-22,Bogotá,17.2,7.9,7.1
2025-03-22,Cali,28.0,21.0,0.0
2025-03-23,Medellín,26.6,18.8,0.0
2025-03-23,Bogotá,19.9,7.7,7.1
2025-03-23,Cali,29.7,17.2,0.0
2025-03-24,Medellín,26.5,16.7,5.6
2025-03-24,Bogotá,20.1,8.1,0
2025-03-24,Cali,31.8,19.4,1.7
2025-03-25,Medellín,25.8,18.2,0.0
2025-03-25,Bogotá,20.0,7.5,0.0
2025-03-25,Cali,29.6,19.5,0.0
2025-03-26,Medellín,27.6,16.3,9.5
2025-03-26,Bogotá,20.8,7.2,0.0
2025-03-26,Cali,30.5,17.7,0.0
2025-03-27,Medellín,27.1,16.2,15.6
2025-03-27,Bogotá,20.8,6.8,0.0
2025-03-27,Cali,31.1,18.8,0.0
2025-03-28,Medellín,27.1,18.8,8.1
2025-03-28,Bogotá,21.1,8.4,6.5
2025-03-28,Cali,29.1,20.7,1.1
2025-03-29,Medellín,27.8,16.6,0.0
2025-03-29,Bogotá,17.0,7.5,0
2025-03-29,Cali,29.7,19.7,0.0
2025-03-30,Medellín,27.3,16.4,7.7
2025-03-30,Bogotá,18.4,7.4,0.0
2025-03-30,Cali,29.8,19.4,0
