nombre,programa,semestre,nota1,nota2,nota3,asistencia
Miguel Torres,Medicina,6,3.1,2.3,2.7,91
Daniel Torres,Psicología,7,2.5,2.9,3.5,97
Andrés Hernández,Psicología,6,2.6,2.8,3.1,67
Mariana López,Medicina,6,3.4,2.5,2.9,69
Camila Gómez,Economía,6,3.7,4.2,4.3,86
Miguel Mejía,Medicina,4,2.9,2.4,2.7,87
Mariana Mejía,Medicina,5,3.1,3.6,3.2,68
Felipe Torres,Medicina,1,3.8,4.1,4.1,62
Isabela Castro,Ingeniería,5,4.0,4.4,3.4,99
Mateo Ramírez,Medicina,6,2.7,2.5,1.6,74
Andrés Mejía,Psicología,3,3.0,3.0,2.0,66
Tomás Castro,Biología,6,2.7,2.3,3.2,81
Mariana Gómez,Medicina,8,2.9,2.9,2.7,68
Daniel Hernández,Biología,7,3.1,3.9,3.3,79
Sara Mejía,Ingeniería,5,4.1,4.2,4.0,90
Laura Torres,Economía,6,2.4,2.5,2.1,71
Sara Mejía,Biología,7,5,4.1,4.2,100
Andrés Mejía,Biología,3,5,3.7,4.0,92
Miguel Torres,Ingeniería,6,3.7,4.7,4.1,85
Valentina Ramírez,Economía,3,3.7,3.1,3.8,96
Samuel Ramírez,Biología,5,4.7,3.8,3.8,94
Valentina Vargas,Medicina,8,2.0,2.8,2.9,94
Andrés Ramírez,Biología,6,2.9,3.5,2.3,69
Mariana Torres,Economía,1,1.5,1.6,2.4,70
Samuel López,Economía,4,3.2,2.5,2.6,91
Paula Torres,Ingeniería,4,3.2,3.7,3.4,79
Isabela López,Psicología,2,4.5,4.4,5,65
Andrés López,Medicina,7,4.1,3.4,3.4,61
Juan Torres,Economía,7,4.8,5,5.0,60
Valentina Restrepo,Psicología,3,4.1,4.0,3.4,95
Miguel Torres,Ingeniería,5,4.5,4.7,4.7,65
Mateo Hernández,Psicología,5,3.4,3.8,3.8,62
Camila Ríos,Biología,8,2.9,4.3,3.7,99
Camila Restrepo,Psicología,3,2.9,3.2,2.7,94
Sara Restrepo,Medicina,6,1.5,3.0,2.6,69
Tomás Vargas,Medicina,4,4.1,4.8,4.4,92
Mateo Ríos,Medicina,8,3.2,3.4,3.1,97
Luis Mejía,Psicología,8,2.6,4.1,3.2,68
Daniela Gómez,Medicina,6,2.8,2.4,2.7,98
Daniela Restrepo,Economía,3,2.6,2.7,3.1,89
