id,edad,sexo,peso_kg,altura_m,presion_sistolica,fumador
1,21,M,62.9,1.75,107,No
2,73,M,74.4,1.72,160,No
3,32,F,62.9,1.68,111,Sí
4,52,M,98.4,1.76,129,Sí
5,,F,60.8,1.55,114,Sí
6,22,F,76.9,1.65,137,No
7,53,F,79.3,1.55,147,Sí
8,61,M,66.9,1.88,153,No
9,27,F,71.4,1.66,117,No
10,79,M,74.2,1.71,136,No
11,68,M,61.7,1.71,100,No
12,35,F,65.0,1.66,,No
13,69,F,63.6,1.55,144,No
14,42,F,67.0,1.66,104,No
15,18,M,94.3,1.71,123,Sí
16,34,M,68.8,1.71,105,No
17,,F,63.8,1.61,129,No
18,34,F,65.1,1.6,143,Sí
19,41,M,74.9,1.78,112,No
20,76,F,72.5,1.72,140,No
21,21,M,80.3,1.71,135,No
22,76,F,59.8,1.5,102,No
23,68,F,60.9,1.54,160,Sí
24,61,F,59.3,1.69,152,No
25,26,F,53.9,1.67,160,Sí
26,74,F,59.3,1.63,112,No
27,19,F,70.5,1.69,140,No
28,71,F,61.5,1.63,126,No
29,,F,80.5,1.81,145,No
30,59,M,73.7,1.78,121,No
31,58,F,54.6,1.6,133,No
32,58,M,58.5,1.73,141,Sí
33,59,M,60.2,1.71,,Sí
34,43,M,83.9,1.76,107,No
35,32,F,61.3,1.7,141,No
36,61,M,86.1,1.79,100,Sí
37,40,F,61.2,1.61,111,No
38,37,F,68.1,1.53,111,No
39,53,M,70.8,1.64,127,No
40,73,F,46.5,1.75,113,No
41,,M,78.9,1.82,146,No
42,29,F,72.1,1.43,105,No
43,77,F,65.2,1.53,119,No
44,35,M,76.6,1.86,154,No
45,74,F,56.5,1.6,149,No
46,42,M,73.7,1.7,156,No
47,61,M,70.6,1.72,117,Sí
48,78,F,56.8,1.64,120,No
10,79,M,74.2,1.71,136,No
21,21,M,80.3,1.71,135,No
