especie,largo_sepalo,ancho_sepalo,largo_petalo,ancho_petalo
setosa,5.0,3.6,1.5,0.2
setosa,4.9,3.4,1.6,0.3
setosa,4.7,3.3,1.8,0.3
setosa,3.9,3.7,1.6,0.2
setosa,5.3,3.6,1.5,0.3
setosa,5.2,3.4,1.3,0.2
setosa,5.0,3.4,1.5,0.2
setosa,4.5,3.4,1.5,0.2
setosa,5.0,3.3,1.5,0.3
setosa,4.8,3.4,1.4,0.3
setosa,5.2,3.4,1.5,0.3
setosa,5.1,3.1,1.5,0.2
setosa,4.9,3.9,1.3,0.2
setosa,5.1,3.6,1.6,0.2
setosa,5.1,3.5,1.6,0.3
versicolor,6.0,2.8,4.3,1.4
versicolor,6.9,2.7,4.6,1.3
versicolor,4.8,3.0,4.1,1.3
versicolor,6.2,2.9,4.1,1.5
versicolor,6.1,2.9,4.5,1.3
versicolor,5.9,3.0,4.6,1.3
versicolor,5.5,3.0,3.9,1.3
versicolor,5.7,2.8,4.1,1.2
versicolor,5.6,2.8,3.7,1.3
versicolor,6.0,3.0,4.6,1.4
versicolor,5.5,3.0,4.6,1.4
versicolor,6.4,3.0,4.0,1.4
versicolor,6.1,2.8,4.3,1.2
versicolor,6.3,2.7,4.6,1.3
versicolor,6.3,2.9,4.3,1.3
virginica,7.0,2.7,5.9,2.2
virginica,7.4,2.9,5.9,2.0
virginica,7.3,3.1,5.6,2.2
virginica,6.0,3.3,5.5,1.9
virginica,6.8,3.7,5.4,1.9
virginica,6.8,3.1,5.0,2.3
virginica,6.6,3.0,5.3,1.7
virginica,6.4,3.3,5.3,1.9
virginica,7.2,3.2,5.6,1.9
virginica,6.9,3.3,5.3,2.3
virginica,6.7,3.1,5.0,1.9
virginica,6.9,3.2,5.1,1.8
virginica,6.5,2.9,5.1,2.0
virginica,7.0,2.7,5.6,2.0
virginica,6.3,3.0,5.3,2.1
