fecha,region,producto,cantidad,precio_unitario
2025-01-02,Oriente,Botella,17,15000
2025-01-04,Oriente,Lámpara,9,47000
2025-01-04,Sur,Cuaderno,4,4500
2025-01-05,Centro,Audífonos,19,52000
2025-01-05,Oriente,Mouse,18,29000
2025-01-06,Norte,Mouse,4,29000
2025-01-07,Oriente,Cuaderno,17,4500
2025-01-08,Sur,Lámpara,19,47000
2025-01-09,Norte,Audífonos,6,52000
2025-01-10,Centro,Calculadora,3,38000
2025-01-15,Oriente,Cuaderno,8,4500
2025-01-15,Sur,Audífonos,17,52000
2025-01-19,Centro,Cuaderno,12,4500
2025-01-21,Sur,Lámpara,10,47000
2025-01-22,Centro,Calculadora,13,38000
2025-01-22,Oriente,Lápiz,3,1200
2025-01-22,Sur,Lámpara,6,47000
2025-01-24,Norte,Cuaderno,15,4500
2025-01-24,Oriente,Morral,11,89000
2025-01-25,Norte,Audífonos,8,52000
2025-01-25,Norte,Lámpara,6,47000
2025-01-26,Oriente,Morral,1,89000
2025-01-29,Sur,Mouse,18,29000
2025-01-30,Norte,Cuaderno,12,4500
2025-01-31,Norte,Botella,17,15000
2025-02-01,Centro,Morral,16,89000
2025-02-01,Sur,Morral,15,89000
2025-02-02,Centro,Botella,20,15000
2025-02-06,Centro,Mouse,1,29000
2025-02-09,Centro,Audífonos,14,52000
2025-02-10,Sur,Botella,18,15000
2025-02-11,Norte,Mouse,9,29000
2025-02-15,Oriente,Botella,17,15000
2025-02-16,Oriente,Cuaderno,18,4500
2025-02-20,Sur,Cuaderno,4,4500
2025-02-27,Oriente,Lámpara,19,47000
2025-03-03,Sur,Lámpara,8,47000
2025-03-06,Oriente,Botella,12,15000
2025-03-07,Norte,Calculadora,8,38000
2025-03-10,Sur,Cuaderno,2,4500
2025-03-12,Centro,Lápiz,10,1200
2025-03-16,Norte,Botella,15,15000
2025-03-16,Oriente,Lápiz,10,1200
2025-03-17,Sur,Mouse,12,29000
2025-03-22,Sur,Morral,5,89000
2025-03-23,Centro,Cuaderno,18,4500
2025-03-25,Centro,Mouse,15,29000
2025-03-25,Norte,Morral,4,89000
2025-03-29,Centro,Audífonos,12,52000
2025-03-30,Oriente,Calculadora,9,38000
2025-04-02,Centro,Morral,19,89000
2025-04-02,Oriente,Lámpara,13,47000
2025-04-03,Oriente,Audífonos,9,52000
2025-04-04,Norte,Morral,14,89000
2025-04-05,Sur,Mouse,7,29000
2025-04-06,Norte,Mouse,5,29000
2025-04-07,Oriente,Cuaderno,4,4500
2025-04-08,Centro,Mouse,20,29000
2025-04-10,Norte,Mouse,12,29000
2025-04-10,Oriente,Audífonos,1,52000
2025-04-10,Oriente,Mouse,14,29000
2025-04-10,Sur,Calculadora,17,38000
2025-04-13,Centro,Botella,8,15000
2025-04-13,Centro,Lámpara,7,47000
2025-04-13,Oriente,Morral,4,89000
2025-04-16,Norte,Calculadora,15,38000
2025-04-17,Sur,Mouse,11,29000
2025-04-18,Norte,Morral,17,89000
2025-04-19,Centro,Morral,3,89000
2025-04-19,Sur,Botella,18,15000
2025-04-20,Centro,Lápiz,12,1200
2025-04-22,Centro,Cuaderno,10,4500
2025-04-23,Sur,Mouse,15,29000
2025-04-24,Centro,Lápiz,17,1200
2025-04-28,Oriente,Audífonos,3,52000
2025-04-28,Oriente,Morral,18,89000
2025-04-30,Norte,Morral,14,89000
2025-05-01,Sur,Calculadora,16,38000
2025-05-02,Centro,Calculadora,20,38000
2025-05-04,Sur,Cuaderno,5,4500
2025-05-08,Oriente,Lámpara,10,47000
2025-05-08,Sur,Botella,4,15000
2025-05-08,Sur,Lápiz,18,1200
2025-05-10,Centro,Morral,13,89000
2025-05-12,Norte,Lápiz,11,1200
2025-05-13,Centro,Cuaderno,6,4500
2025-05-13,Sur,Calculadora,6,38000
2025-05-18,Norte,Calculadora,17,38000
2025-05-19,Norte,Calculadora,6,38000
2025-05-20,Centro,Calculadora,1,38000
2025-05-21,Norte,Mouse,10,29000
2025-05-23,Oriente,Mouse,10,29000
2025-05-24,Oriente,Lámpara,10,47000
2025-05-26,Centro,Mouse,19,29000
2025-05-27,Oriente,Cuaderno,13,4500
2025-05-28,Norte,Audífonos,5,52000
2025-05-31,Norte,Morral,8,89000
2025-05-31,Oriente,Mouse,17,29000
2025-06-01,Centro,Audífonos,6,52000
2025-06-03,Norte,Audífonos,5,52000
2025-06-05,Centro,Cuaderno,13,4500
2025-06-05,Oriente,Audífonos,20,52000
2025-06-06,Norte,Audífonos,8,52000
2025-06-07,Centro,Lápiz,4,1200
2025-06-08,Centro,Cuaderno,18,4500
2025-06-08,Norte,Lápiz,4,1200
2025-06-10,Norte,Lápiz,6,1200
2025-06-10,Oriente,Lámpara,5,47000
2025-06-15,Centro,Lápiz,17,1200
2025-06-15,Oriente,Lápiz,12,1200
2025-06-15,Sur,Cuaderno,15,4500
2025-06-16,Centro,Mouse,11,29000
2025-06-17,Oriente,Morral,17,89000
2025-06-21,Centro,Calculadora,4,38000
2025-06-21,Norte,Botella,5,15000
2025-06-22,Sur,Mouse,7,29000
2025-06-23,Oriente,Botella,7,15000
2025-06-25,Oriente,Botella,11,15000
2025-06-25,Sur,Cuaderno,12,4500
2025-06-30,Oriente,Lápiz,20,1200
